Workbook

Sheet Cadastro
B7: CÓDIGO | C7: PRODUTO | D7: PREÇO
B8: 101 | C8: Teclado Gamer | D8: 150
B9: 102 | C9: Mouse Sem Fio | D9: 80
B10: 103 | C10: Monitor 24 | D10: 900
B11: 104 | C11: Monitor 32 | D11: 1200
B12: 105 | C12: Cadeira Office | D12: 1500

Sheet Consulta
B1: SISTEMA DE CONSULTA DE PREÇOS
B7: CÓDIGO | C7: PRODUTO | D7: PREÇO
B8: 100 | C8: =IFERROR(VLOOKUP(B13,Cadastro!B:D,2,0),"Produto não cadastrado") -> Cadeira Office | D8: =IFERROR( VLOOKUP(B13, Cadastro!B:D, 3, 0), "" ) -> 1500
B9: 101 | C9: =IFERROR(VLOOKUP(B9,Cadastro!B:D,2,0),"Produto não cadastrado") -> Teclado Gamer | D9: =IFERROR( VLOOKUP(B9, Cadastro!B:D, 3, 0), "" ) -> 150
B10: 102 | C10: =IFERROR(VLOOKUP(B10,Cadastro!B:D,2,0),"Produto não cadastrado") -> Mouse Sem Fio | D10: =IFERROR( VLOOKUP(B10, Cadastro!B:D, 3, 0), "" ) -> 80
B11: 103 | C11: =IFERROR(VLOOKUP(B11,Cadastro!B:D,2,0),"Produto não cadastrado") -> Monitor 24 | D11: =IFERROR( VLOOKUP(B11, Cadastro!B:D, 3, 0), "" ) -> 900
B12: 104 | C12: =IFERROR(VLOOKUP(B12,Cadastro!B:D,2,0),"Produto não cadastrado") -> Monitor 32 | D12: =IFERROR( VLOOKUP(B12, Cadastro!B:D, 3, 0), "" ) -> 1200
B13: 105 | C13: =IFERROR(VLOOKUP(#REF!,Cadastro!B:D,2,0),"Produto não cadastrado") -> Produto não cadastrado | D13: =IFERROR( VLOOKUP(#REF!, Cadastro!B:D, 3, 0), "" )
B14: 106 | C14: =IFERROR(VLOOKUP(#REF!,Cadastro!B:D,2,0),"Produto não cadastrado") -> Produto não cadastrado | D14: =IFERROR( VLOOKUP(#REF!, Cadastro!B:D, 3, 0), "" )
B15: 107 | C15: =IFERROR(VLOOKUP(#REF!,Cadastro!B:D,2,0),"Produto não cadastrado") -> Produto não cadastrado | D15: =IFERROR( VLOOKUP(#REF!, Cadastro!B:D, 3, 0), "" )
B16: 108 | C16: =IFERROR(VLOOKUP(#REF!,Cadastro!B:D,2,0),"Produto não cadastrado") -> Produto não cadastrado | D16: =IFERROR( VLOOKUP(#REF!, Cadastro!B:D, 3, 0), "" )
B17: 109 | C17: =IFERROR(VLOOKUP(#REF!,Cadastro!B:D,2,0),"Produto não cadastrado") -> Produto não cadastrado | D17: =IFERROR( VLOOKUP(#REF!, Cadastro!B:D, 3, 0), "" )
B18: 110 | C18: =IFERROR(VLOOKUP(#REF!,Cadastro!B:D,2,0),"Produto não cadastrado") -> Produto não cadastrado | D18: =IFERROR( VLOOKUP(#REF!, Cadastro!B:D, 3, 0), "" )
